<?xml version="1.0" encoding="UTF-8"?>
<!--
 * Copyright 2023 Roland Gisler, HSLU Informatik, Switzerland
 *
 * Licensed under the Apache License, Version 2.0 (the "License");
 * you may not use this file except in compliance with the License.
 * You may obtain a copy of the License at
 *
 * http://www.apache.org/licenses/LICENSE-2.0
 *
 * Unless required by applicable law or agreed to in writing, software
 * distributed under the License is distributed on an "AS IS" BASIS,
 * WITHOUT WARRANTIES OR CONDITIONS OF ANY KIND, either express or implied.
 * See the License for the specific language governing permissions and
 * limitations under the License.
-->
<document xmlns="http://maven.apache.org/changes/1.0.0"
          xmlns:xsi="http://www.w3.org/2001/XMLSchema-instance"
          xsi:schemaLocation="http://maven.apache.org/changes/1.0.0 http://maven.apache.org/xsd/changes-1.0.0.xsd">
    <properties>
        <title>Changes</title>
        <author email="roland.gisler@hslu.ch">Roland Gisler</author>
    </properties>
    <body>
        <release version="1.0.0" date="2023-01-23" description="not yet released">
            <action dev="zbgisler" type="add">
                Releasehistory.
            </action>
        </release>
    </body>
</document>
