<?xml version="1.0" encoding="UTF-8"?>
<project xmlns="http://maven.apache.org/POM/4.0.0" xmlns:xsi="http://www.w3.org/2001/XMLSchema-instance" xsi:schemaLocation="http://maven.apache.org/POM/4.0.0 http://maven.apache.org/maven-v4_0_0.xsd">
  <modelVersion>4.0.0</modelVersion>
  <groupId>ch.hslu.vsk23fs.g02</groupId>
  <artifactId>g02-demoapp</artifactId>
  <name>g02-demoapp</name>
  <version>1.0.0-SNAPSHOT</version>
  <description>Demo-Applikation für den Einbau der Loggers-Komponente.</description>
  <url>https://gitlab.enterpriselab.ch/${scm.group.name}/g02/${project.artifactId}</url>
  <issueManagement>
    <system>GitLab Repository auf ELab - HSLU I</system>
    <url>https://gitlab.enterpriselab.ch/${scm.group.name}/g02/${project.artifactId}/issues</url>
  </issueManagement>
  <ciManagement>
    <system>Jenkins auf ELab - HSLU I</system>
    <url>https://jenkins-vsk.el.eee.intern/jenkins/job/${project.artifactId}/</url>
  </ciManagement>
  <developers>
    <developer>
      <id>${scm.developer.uid}</id>
      <name>Vorname Nachname</name>
      <email>vorname.nachname@hslu.ch</email>
      <organization>HSLU Informatik</organization>
      <roles>
        <role>Developer</role>
      </roles>
    </developer>
  </developers>
  <licenses>
    <license>
      <name>Apache License, Version 2.0</name>
      <url>https://www.apache.org/licenses/LICENSE-2.0.txt</url>
    </license>
  </licenses>
  <scm>
    <connection>scm:git:https://${scm.developer.uid}@gitlab.enterpriselab.ch/${scm.group.name}/${project.artifactId}.git</connection>
    <developerConnection>scm:git:ssh://git@gitlab.enterpriselab.ch/${scm.group.name}/${project.artifactId}.git</developerConnection>
    <url>https://gitlab.enterpriselab.ch/${scm.group.name}/${project.artifactId}/tree/main</url>
  </scm>
  <organization>
    <name>Hochschule Luzern - Informatik</name>
    <url>http://www.hslu.ch/informatik/</url>
  </organization>
  <build>
    <defaultGoal>install</defaultGoal>
    <pluginManagement>
      <plugins>
        <plugin>
          <artifactId>maven-antrun-plugin</artifactId>
          <version>3.1.0</version>
        </plugin>
        <plugin>
          <artifactId>maven-assembly-plugin</artifactId>
          <version>3.5.0</version>
        </plugin>
        <plugin>
          <artifactId>maven-changes-plugin</artifactId>
          <version>${mavenChangesPlugin.version}</version>
        </plugin>
        <plugin>
          <artifactId>maven-checkstyle-plugin</artifactId>
          <version>${mavenCheckstylePlugin.version}</version>
          <dependencies>
            <dependency>
              <groupId>com.puppycrawl.tools</groupId>
              <artifactId>checkstyle</artifactId>
              <version>10.7.0</version>
            </dependency>
          </dependencies>
        </plugin>
        <plugin>
          <artifactId>maven-clean-plugin</artifactId>
          <version>3.2.0</version>
        </plugin>
        <plugin>
          <artifactId>maven-compiler-plugin</artifactId>
          <version>3.10.1</version>
          <configuration>
            <release>${project.build.targetJdk}</release>
          </configuration>
        </plugin>
        <plugin>
          <artifactId>maven-dependency-plugin</artifactId>
          <version>3.5.0</version>
        </plugin>
        <plugin>
          <artifactId>maven-deploy-plugin</artifactId>
          <version>3.1.0</version>
        </plugin>
        <plugin>
          <artifactId>maven-enforcer-plugin</artifactId>
          <version>3.2.1</version>
        </plugin>
        <plugin>
          <artifactId>maven-failsafe-plugin</artifactId>
          <version>${mavenFailsafePlugin.version}</version>
        </plugin>
        <plugin>
          <artifactId>maven-install-plugin</artifactId>
          <version>3.1.0</version>
        </plugin>
        <plugin>
          <artifactId>maven-jar-plugin</artifactId>
          <version>3.3.0</version>
        </plugin>
        <plugin>
          <artifactId>maven-javadoc-plugin</artifactId>
          <version>${mavenJavadocPlugin.version}</version>
        </plugin>
        <plugin>
          <artifactId>maven-jxr-plugin</artifactId>
          <version>${mavenJxrPlugin.version}</version>
        </plugin>
        <plugin>
          <artifactId>maven-pmd-plugin</artifactId>
          <version>${mavenPmdPlugin.version}</version>
        </plugin>
        <plugin>
          <artifactId>maven-release-plugin</artifactId>
          <version>3.0.0-M7</version>
        </plugin>
        <plugin>
          <artifactId>maven-resources-plugin</artifactId>
          <version>3.3.0</version>
        </plugin>
        <plugin>
          <artifactId>maven-shade-plugin</artifactId>
          <version>3.4.1</version>
        </plugin>
        <plugin>
          <artifactId>maven-site-plugin</artifactId>
          <version>3.12.1</version>
        </plugin>
        <plugin>
          <artifactId>maven-source-plugin</artifactId>
          <version>${mavenSourcePlugin.version}</version>
        </plugin>
        <plugin>
          <artifactId>maven-surefire-plugin</artifactId>
          <version>${mavenSurefirePlugin.version}</version>
        </plugin>
        <plugin>
          <groupId>com.google.cloud.tools</groupId>
          <artifactId>jib-maven-plugin</artifactId>
          <version>3.3.1</version>
        </plugin>
        <plugin>
          <groupId>com.github.spotbugs</groupId>
          <artifactId>spotbugs-maven-plugin</artifactId>
          <version>${spotbugsPlugin.version}</version>
        </plugin>
        <plugin>
          <groupId>io.fabric8</groupId>
          <artifactId>docker-maven-plugin</artifactId>
          <version>0.41.0</version>
        </plugin>
        <plugin>
          <groupId>org.asciidoctor</groupId>
          <artifactId>asciidoctor-maven-plugin</artifactId>
          <version>${asciidoctorPlugin.version}</version>
        </plugin>
        <plugin>
          <groupId>org.codehaus.mojo</groupId>
          <artifactId>versions-maven-plugin</artifactId>
          <version>${versionsPlugin.version}</version>
        </plugin>
        <plugin>
          <groupId>org.jacoco</groupId>
          <artifactId>jacoco-maven-plugin</artifactId>
          <version>${jacocoPlugin.version}</version>
        </plugin>
        <plugin>
          <groupId>org.codehaus.mojo</groupId>
          <artifactId>clirr-maven-plugin</artifactId>
          <version>2.8</version>
        </plugin>
      </plugins>
    </pluginManagement>
    <plugins>
      <plugin>
        <artifactId>maven-clean-plugin</artifactId>
      </plugin>
      <plugin>
        <artifactId>maven-compiler-plugin</artifactId>
        <configuration>
          <source>${project.build.targetJdk}</source>
          <target>${project.build.targetJdk}</target>
          <compilerArgument>-Xlint:all,-processing</compilerArgument>
          <showDeprecation>true</showDeprecation>
          <showWarnings>true</showWarnings>
          <useIncrementalCompilation>false</useIncrementalCompilation>
        </configuration>
      </plugin>
      <plugin>
        <artifactId>maven-checkstyle-plugin</artifactId>
        <configuration>
          <configLocation>${checkstyle.config.location}</configLocation>
          <includeTestSourceDirectory>true</includeTestSourceDirectory>
          <excludes>**/module-info.java</excludes>
          <sourceDirectories>
            <directory>${project.basedir}/src/main/java</directory>
          </sourceDirectories>
          <testSourceDirectories>
            <directory>${project.basedir}/src/test/java</directory>
          </testSourceDirectories>
        </configuration>
      </plugin>
      <plugin>
        <artifactId>maven-deploy-plugin</artifactId>
      </plugin>
      <plugin>
        <artifactId>maven-enforcer-plugin</artifactId>
        <executions>
          <execution>
            <id>enforce-maven</id>
            <goals>
              <goal>enforce</goal>
            </goals>
            <configuration>
              <rules>
                <requireMavenVersion>
                  <version>${project.maven.version}</version>
                </requireMavenVersion>
              </rules>
            </configuration>
          </execution>
        </executions>
      </plugin>
      <plugin>
        <artifactId>maven-failsafe-plugin</artifactId>
        <executions>
          <execution>
            <goals>
              <goal>integration-test</goal>
              <goal>verify</goal>
            </goals>
          </execution>
        </executions>
        <configuration>
          <useSystemClassLoader>false</useSystemClassLoader>
        </configuration>
      </plugin>
      <plugin>
        <artifactId>maven-install-plugin</artifactId>
      </plugin>
      <plugin>
        <artifactId>maven-jar-plugin</artifactId>
        <configuration>
          <archive>
            <manifest>
              <addDefaultImplementationEntries>true</addDefaultImplementationEntries>
              <addDefaultSpecificationEntries>true</addDefaultSpecificationEntries>
              <mainClass>${jar.start.class}</mainClass>
            </manifest>
          </archive>
        </configuration>
      </plugin>
      <plugin>
        <artifactId>maven-resources-plugin</artifactId>
      </plugin>
      <plugin>
        <artifactId>maven-shade-plugin</artifactId>
        <executions>
          <execution>
            <phase>package</phase>
            <goals>
              <goal>shade</goal>
            </goals>
            <configuration>
              <finalName>${project.artifactId}</finalName>
              <filters>
                <filter>
                  <artifact>*:*</artifact>
                  <excludes>
                    <exclude>module-info.class</exclude>
                    <exclude>META-INF/*.MF</exclude>
                    <exclude>META-INF/*.SF</exclude>
                    <exclude>META-INF/*.DSA</exclude>
                    <exclude>META-INF/*.RSA</exclude>
                  </excludes>
                </filter>
              </filters>
              <transformers>
                <transformer />
                <transformer>
                  <mainClass>${jar.start.class}</mainClass>
                </transformer>
              </transformers>
            </configuration>
          </execution>
        </executions>
      </plugin>
      <plugin>
        <artifactId>maven-site-plugin</artifactId>
      </plugin>
      <plugin>
        <artifactId>maven-source-plugin</artifactId>
        <executions>
          <execution>
            <phase>package</phase>
            <goals>
              <goal>jar</goal>
            </goals>
          </execution>
        </executions>
        <configuration>
          <attach>true</attach>
        </configuration>
      </plugin>
      <plugin>
        <artifactId>maven-surefire-plugin</artifactId>
        <configuration>
          <useSystemClassLoader>false</useSystemClassLoader>
        </configuration>
      </plugin>
      <plugin>
        <groupId>org.asciidoctor</groupId>
        <artifactId>asciidoctor-maven-plugin</artifactId>
        <executions>
          <execution>
            <id>generate-pdf-doc</id>
            <phase>site</phase>
            <goals>
              <goal>process-asciidoc</goal>
            </goals>
            <configuration>
              <backend>pdf</backend>
              <attributes>
                <icons>font</icons>
                <pagenums />
                <toc />
                <idprefix />
                <idseparator>-</idseparator>
              </attributes>
            </configuration>
          </execution>
        </executions>
        <dependencies>
          <dependency>
            <groupId>org.asciidoctor</groupId>
            <artifactId>asciidoctorj-pdf</artifactId>
            <version>${asciidoctorj.pdf.version}</version>
          </dependency>
          <dependency>
            <groupId>org.asciidoctor</groupId>
            <artifactId>asciidoctorj</artifactId>
            <version>${asciidoctorj.version}</version>
          </dependency>
        </dependencies>
        <configuration>
          <sourceDirectory>src/docs/asciidoc</sourceDirectory>
          <attributes>
            <sourcedir>${project.build.sourceDirectory}</sourcedir>
          </attributes>
        </configuration>
      </plugin>
      <plugin>
        <groupId>org.jacoco</groupId>
        <artifactId>jacoco-maven-plugin</artifactId>
        <executions>
          <execution>
            <id>default-prepare-agent</id>
            <goals>
              <goal>prepare-agent</goal>
            </goals>
          </execution>
          <execution>
            <id>jacoco-report-unit-test</id>
            <phase>test</phase>
            <goals>
              <goal>report</goal>
            </goals>
          </execution>
          <execution>
            <id>jacoco-report-integration-test</id>
            <phase>integration-test</phase>
            <goals>
              <goal>report</goal>
            </goals>
          </execution>
        </executions>
      </plugin>
      <plugin>
        <artifactId>maven-pmd-plugin</artifactId>
        <dependencies>
          <dependency>
            <groupId>org.ow2.asm</groupId>
            <artifactId>asm</artifactId>
            <version>9.4</version>
          </dependency>
        </dependencies>
        <configuration>
          <includeTests>true</includeTests>
          <sourceEncoding>${project.build.sourceEncoding}</sourceEncoding>
          <targetJdk>${project.build.targetJdk}</targetJdk>
          <analysisCache>true</analysisCache>
          <rulesets>
            <ruleset>${pmd.config.location}</ruleset>
          </rulesets>
        </configuration>
      </plugin>
      <plugin>
        <groupId>com.github.spotbugs</groupId>
        <artifactId>spotbugs-maven-plugin</artifactId>
        <configuration>
          <effort>Max</effort>
          <threshold>Low</threshold>
        </configuration>
      </plugin>
      <plugin>
        <groupId>io.fabric8</groupId>
        <artifactId>docker-maven-plugin</artifactId>
        <configuration>
          <images>
            <image>
              <name>${docker.user}/${docker.image}:%l</name>
            </image>
          </images>
        </configuration>
      </plugin>
    </plugins>
  </build>
  <repositories>
    <repository>
      <snapshots>
        <updatePolicy>always</updatePolicy>
      </snapshots>
      <id>hslu-nexus</id>
      <name>HSLU Nexus Repo - Releases</name>
      <url>https://repohub.enterpriselab.ch/repository/maven-23fs-vsk/</url>
    </repository>
  </repositories>
  <dependencies>
    <dependency>
      <groupId>org.junit.jupiter</groupId>
      <artifactId>junit-jupiter-api</artifactId>
      <version>5.9.2</version>
      <scope>test</scope>
      <exclusions>
        <exclusion>
          <artifactId>opentest4j</artifactId>
          <groupId>org.opentest4j</groupId>
        </exclusion>
        <exclusion>
          <artifactId>junit-platform-commons</artifactId>
          <groupId>org.junit.platform</groupId>
        </exclusion>
        <exclusion>
          <artifactId>apiguardian-api</artifactId>
          <groupId>org.apiguardian</groupId>
        </exclusion>
      </exclusions>
    </dependency>
    <dependency>
      <groupId>org.junit.jupiter</groupId>
      <artifactId>junit-jupiter-params</artifactId>
      <version>5.9.2</version>
      <scope>test</scope>
      <exclusions>
        <exclusion>
          <artifactId>apiguardian-api</artifactId>
          <groupId>org.apiguardian</groupId>
        </exclusion>
      </exclusions>
    </dependency>
    <dependency>
      <groupId>org.junit.jupiter</groupId>
      <artifactId>junit-jupiter-engine</artifactId>
      <version>5.9.2</version>
      <scope>test</scope>
      <exclusions>
        <exclusion>
          <artifactId>junit-platform-engine</artifactId>
          <groupId>org.junit.platform</groupId>
        </exclusion>
        <exclusion>
          <artifactId>apiguardian-api</artifactId>
          <groupId>org.apiguardian</groupId>
        </exclusion>
      </exclusions>
    </dependency>
    <dependency>
      <groupId>org.assertj</groupId>
      <artifactId>assertj-core</artifactId>
      <version>3.24.2</version>
      <scope>test</scope>
      <exclusions>
        <exclusion>
          <artifactId>byte-buddy</artifactId>
          <groupId>net.bytebuddy</groupId>
        </exclusion>
      </exclusions>
    </dependency>
    <dependency>
      <groupId>org.junit-pioneer</groupId>
      <artifactId>junit-pioneer</artifactId>
      <version>2.0.0</version>
      <scope>test</scope>
      <exclusions>
        <exclusion>
          <artifactId>junit-platform-launcher</artifactId>
          <groupId>org.junit.platform</groupId>
        </exclusion>
      </exclusions>
    </dependency>
    <dependency>
      <groupId>org.mutabilitydetector</groupId>
      <artifactId>MutabilityDetector</artifactId>
      <version>0.10.6</version>
      <scope>test</scope>
      <exclusions>
        <exclusion>
          <artifactId>hamcrest-core</artifactId>
          <groupId>org.hamcrest</groupId>
        </exclusion>
        <exclusion>
          <artifactId>jsr305</artifactId>
          <groupId>com.google.code.findbugs</groupId>
        </exclusion>
      </exclusions>
    </dependency>
    <dependency>
      <groupId>nl.jqno.equalsverifier</groupId>
      <artifactId>equalsverifier</artifactId>
      <version>3.13.2</version>
      <scope>test</scope>
      <exclusions>
        <exclusion>
          <artifactId>objenesis</artifactId>
          <groupId>org.objenesis</groupId>
        </exclusion>
        <exclusion>
          <artifactId>byte-buddy</artifactId>
          <groupId>net.bytebuddy</groupId>
        </exclusion>
      </exclusions>
    </dependency>
  </dependencies>
  <reporting>
    <plugins>
      <plugin>
        <artifactId>maven-changelog-plugin</artifactId>
        <version>${mavenChangelogPlugin.version}</version>
        <configuration>
          <type>range</type>
          <range>200</range>
        </configuration>
      </plugin>
      <plugin>
        <artifactId>maven-changes-plugin</artifactId>
        <version>${mavenChangesPlugin.version}</version>
        <configuration>
          <xmlPath>${basedir}/src/site/changes.xml</xmlPath>
        </configuration>
        <reportSets>
          <reportSet>
            <reports>
              <report>changes-report</report>
            </reports>
          </reportSet>
        </reportSets>
      </plugin>
      <plugin>
        <artifactId>maven-checkstyle-plugin</artifactId>
        <version>${mavenCheckstylePlugin.version}</version>
        <configuration>
          <configLocation>${checkstyle.config.location}</configLocation>
          <includeTestSourceDirectory>true</includeTestSourceDirectory>
          <excludes>**/module-info.java</excludes>
          <sourceDirectories>
            <directory>${project.basedir}/src/main/java</directory>
          </sourceDirectories>
          <testSourceDirectories>
            <directory>${project.basedir}/src/test/java</directory>
          </testSourceDirectories>
        </configuration>
      </plugin>
      <plugin>
        <artifactId>maven-pmd-plugin</artifactId>
        <version>${mavenPmdPlugin.version}</version>
        <configuration>
          <includeTests>true</includeTests>
          <linkXRef>true</linkXRef>
          <sourceEncoding>${project.build.sourceEncoding}</sourceEncoding>
          <targetJdk>${project.build.targetJdk}</targetJdk>
          <analysisCache>true</analysisCache>
          <rulesets>
            <ruleset>${pmd.config.location}</ruleset>
          </rulesets>
        </configuration>
      </plugin>
      <plugin>
        <artifactId>maven-jxr-plugin</artifactId>
        <version>${mavenJxrPlugin.version}</version>
      </plugin>
      <plugin>
        <artifactId>maven-project-info-reports-plugin</artifactId>
        <version>${mavenProjectInfoReportsPlugin.version}</version>
      </plugin>
      <plugin>
        <artifactId>maven-source-plugin</artifactId>
        <version>${mavenSourcePlugin.version}</version>
      </plugin>
      <plugin>
        <artifactId>maven-surefire-report-plugin</artifactId>
        <version>${mavenSurefireReportPlugin.version}</version>
      </plugin>
      <plugin>
        <groupId>org.jacoco</groupId>
        <artifactId>jacoco-maven-plugin</artifactId>
        <version>${jacocoPlugin.version}</version>
        <reportSets>
          <reportSet>
            <reports>
              <report>report</report>
            </reports>
          </reportSet>
        </reportSets>
      </plugin>
      <plugin>
        <groupId>org.codehaus.mojo</groupId>
        <artifactId>versions-maven-plugin</artifactId>
        <version>${versionsPlugin.version}</version>
        <reportSets>
          <reportSet>
            <reports>
              <report>dependency-updates-report</report>
              <report>plugin-updates-report</report>
              <report>property-updates-report</report>
            </reports>
          </reportSet>
        </reportSets>
      </plugin>
      <plugin>
        <groupId>com.github.spotbugs</groupId>
        <artifactId>spotbugs-maven-plugin</artifactId>
        <version>${spotbugsPlugin.version}</version>
        <configuration>
          <effort>Max</effort>
          <threshold>Low</threshold>
        </configuration>
      </plugin>
    </plugins>
  </reporting>
  <dependencyManagement>
    <dependencies>
      <dependency>
        <groupId>ch.hslu.vsk23fs</groupId>
        <artifactId>loggerinterface</artifactId>
        <version>1.0.0-SNAPSHOT</version>
        <scope>compile</scope>
      </dependency>
      <dependency>
        <groupId>ch.hslu.vsk23fs.g02</groupId>
        <artifactId>g02-loggercomponent</artifactId>
        <version>1.0.0-SNAPSHOT</version>
        <scope>compile</scope>
      </dependency>
      <dependency>
        <groupId>org.junit.jupiter</groupId>
        <artifactId>junit-jupiter-api</artifactId>
        <version>${junit5.version}</version>
        <scope>test</scope>
      </dependency>
      <dependency>
        <groupId>org.junit.jupiter</groupId>
        <artifactId>junit-jupiter-params</artifactId>
        <version>${junit5.version}</version>
        <scope>test</scope>
      </dependency>
      <dependency>
        <groupId>org.junit.jupiter</groupId>
        <artifactId>junit-jupiter-engine</artifactId>
        <version>${junit5.version}</version>
        <scope>test</scope>
      </dependency>
      <dependency>
        <groupId>org.junit.platform</groupId>
        <artifactId>junit-platform-commons</artifactId>
        <version>${junit5.plattform.version}</version>
        <scope>test</scope>
      </dependency>
      <dependency>
        <groupId>org.junit.platform</groupId>
        <artifactId>junit-platform-surefire-provider</artifactId>
        <version>${junit5.plattform.version}</version>
        <scope>test</scope>
      </dependency>
      <dependency>
        <groupId>org.assertj</groupId>
        <artifactId>assertj-core</artifactId>
        <version>3.24.2</version>
        <scope>test</scope>
      </dependency>
      <dependency>
        <groupId>org.junit-pioneer</groupId>
        <artifactId>junit-pioneer</artifactId>
        <version>2.0.0</version>
        <scope>test</scope>
      </dependency>
      <dependency>
        <groupId>org.mutabilitydetector</groupId>
        <artifactId>MutabilityDetector</artifactId>
        <version>0.10.6</version>
        <scope>test</scope>
      </dependency>
      <dependency>
        <groupId>nl.jqno.equalsverifier</groupId>
        <artifactId>equalsverifier</artifactId>
        <version>3.13.2</version>
        <scope>test</scope>
      </dependency>
    </dependencies>
  </dependencyManagement>
  <distributionManagement>
    <site>
      <id>hslu-nexus</id>
      <name>HSLU Nexus Repo - null</name>
      <url>dav:https://repohub.enterpriselab.ch/repository/dummy/</url>
    </site>
  </distributionManagement>
  <properties>
    <docker.base.image>amazoncorretto:17.0.6-alpine</docker.base.image>
    <scm.developer.uid>${user.name}</scm.developer.uid>
    <mavenJxrPlugin.version>3.3.0</mavenJxrPlugin.version>
    <docker.user>${scm.developer.uid}</docker.user>
    <mavenSurefireReportPlugin.version>${mavenSurefirePlugin.version}</mavenSurefireReportPlugin.version>
    <project.build.targetJdk>17</project.build.targetJdk>
    <versionsPlugin.version>2.15.0</versionsPlugin.version>
    <mavenSurefirePlugin.version>3.0.0-M9</mavenSurefirePlugin.version>
    <asciidoctorPlugin.version>2.2.2</asciidoctorPlugin.version>
    <mavenSourcePlugin.version>3.2.1</mavenSourcePlugin.version>
    <mavenCheckstylePlugin.version>3.2.1</mavenCheckstylePlugin.version>
    <mavenProjectInfoReportsPlugin.version>3.4.2</mavenProjectInfoReportsPlugin.version>
    <project.maven.version>3.3.9</project.maven.version>
    <spotbugsPlugin.version>4.7.3.1</spotbugsPlugin.version>
    <mavenPmdPlugin.version>3.20.0</mavenPmdPlugin.version>
    <mavenChangelogPlugin.version>2.3</mavenChangelogPlugin.version>
    <mavenFailsafePlugin.version>${mavenSurefirePlugin.version}</mavenFailsafePlugin.version>
    <mavenChangesPlugin.version>2.12.1</mavenChangesPlugin.version>
    <pmd.config.location>${project.basedir}/config/pmd/pmd_hslu.xml</pmd.config.location>
    <junit5.version>5.9.2</junit5.version>
    <junit5.plattform.version>1.9.2</junit5.plattform.version>
    <jar.start.class>ch.hslu.demo.DemoApp</jar.start.class>
    <scm.group.name>vsk-23fs01</scm.group.name>
    <asciidoctorj.version>2.5.7</asciidoctorj.version>
    <mavenJavadocPlugin.version>3.5.0</mavenJavadocPlugin.version>
    <project.build.sourceEncoding>UTF-8</project.build.sourceEncoding>
    <checkstyle.config.location>${project.basedir}/config/checkstyle/checkstyle.xml</checkstyle.config.location>
    <asciidoctorj.pdf.version>2.3.4</asciidoctorj.pdf.version>
    <jacocoPlugin.version>0.8.8</jacocoPlugin.version>
    <docker.image>demoapp</docker.image>
    <project.reporting.outputEncoding>${project.build.sourceEncoding}</project.reporting.outputEncoding>
    <argLine>-Xms512m -Xmx1g -Xss10m</argLine>
  </properties>
</project>
